trial_number,n_neighbors,n_components,min_dist,min_cluster_size,min_samples,f1_at_30,precision_at_30,recall_at_30,matched_real_events,mean_similarity_matched,mean_similarity_all,noise_ratio,n_clusters,silhouette_score,runtime_seconds,status,error,objective_score
9,10,15,0.03,100,15,0.3111111111111111,0.2333333333333333,0.4666666666666667,14,0.6066668161324092,0.4863602538903554,0.527637827107456,210,0.4946711361408233,286.327,ok,,0.3111111111111111
11,10,15,0.05,80,25,0.2851851851851852,0.2333333333333333,0.3666666666666666,11,0.6266954920508645,0.4892427235841751,0.5702304308737548,243,0.5334830284118652,324.11,ok,,0.2851851851851852
26,20,10,0.0,100,25,0.2666666666666666,0.2,0.4,12,0.6009000390768051,0.4705524414777756,0.5309202150446803,186,0.4936652481555938,346.46,ok,,0.2666666666666666
1,10,10,0.0,100,25,0.2588235294117647,0.2,0.3666666666666666,11,0.5912765156139027,0.4884582181771596,0.5240175462943409,217,0.5473146438598633,283.601,ok,,0.2588235294117647
34,20,15,0.03,100,15,0.2588235294117647,0.2,0.3666666666666666,11,0.6224334131587635,0.4742405662933985,0.5374849909191289,182,0.4609913229942322,383.526,ok,,0.2588235294117647
45,25,15,0.0,100,25,0.25,0.2,0.3333333333333333,10,0.6245660245418548,0.4769838472207387,0.518671598293641,171,0.4503986239433288,395.063,ok,,0.25
19,15,15,0.0,80,15,0.25,0.2,0.3333333333333333,10,0.6008216381072998,0.4719448755184809,0.5216402285603954,247,0.4881640672683716,330.721,ok,,0.25
32,20,15,0.0,100,15,0.2488888888888888,0.2333333333333333,0.2666666666666666,8,0.6088617295026779,0.465946356455485,0.5362963320521562,198,0.4756658673286438,359.68,ok,,0.2488888888888888
24,15,15,0.05,100,25,0.24,0.2,0.3,9,0.6076061063342624,0.4648004273573557,0.5570646763167263,171,0.4780925214290619,382.499,ok,,0.24
31,20,15,0.0,60,25,0.24,0.2,0.3,9,0.6392055418756273,0.4584682732820511,0.5164571931962856,260,0.4640523493289947,365.127,ok,,0.24
